DMY,flight_time,Tair_Celcius,WS_mph,Rn_Wm-2,VPD_Pa
3/11/2022,902,19.09222,3.291,403.1738,954.7543
3/7/2022,1018,17.5977,1.604667,597.065,614.3885
3/7/2022,1048,18.55886,1.702,664.5826,737.4497
3/11/2022,1301,18.72075,4.621667,770.4799,472.6605
3/11/2022,1456,18.12946,3.762,612.104,371.51
